id,menu_item_id,ingredient_key,sort_order
ab990767-4ff7-45fc-b6ce-6a9456b8b791,60e91d8e-946d-4a7a-82db-8995626215d9,translation.key.ingredient.cheese,1
f8fce787-1aa9-4034-8ced-a4525724e19b,7a350f8b-42d6-4aec-8e92-a259b90231fc,translation.key.ingredient.mushrooms,1
81fbdfeb-c6d6-428a-b440-cdd29543052c,65c2b3e9-df72-4267-905c-d107a930fc97,translation.key.ingredient.ham,1
52f66894-ecee-45df-97c5-962eb8ba1fc4,34200c4f-7357-4482-b323-98871e6726cf,translation.key.ingredient.ham,1
6eece9f6-c097-4660-8f69-b9766582f12e,34200c4f-7357-4482-b323-98871e6726cf,translation.key.ingredient.banana,2
a4356c8c-03bf-4c2b-b388-d120b1dc715e,34200c4f-7357-4482-b323-98871e6726cf,translation.key.ingredient.curry,3
bb8a89ac-58bd-4c57-b2b6-762f6424759b,23b774d8-1f0c-47b8-a368-73e02ecf4234,translation.key.ingredient.ham,1
97fae029-fddc-4f51-9ec6-6938596967ad,23b774d8-1f0c-47b8-a368-73e02ecf4234,translation.key.ingredient.pineapple,2
ca659f55-ff51-4fbf-bbf9-a38bc2adf95a,42590f44-b6bb-4646-8321-94fb52236263,translation.key.ingredient.ham,1
5d93952d-a0d6-48bf-b35b-3ff86d53950c,42590f44-b6bb-4646-8321-94fb52236263,translation.key.ingredient.baked_in,2
9185f771-c7a9-494d-85ec-392a2a796df7,8383db1f-40f3-48a2-899e-dd8b282abc04,translation.key.ingredient.ham,1
f6ec4063-77f4-4c29-9562-fbaf7cf57c82,8383db1f-40f3-48a2-899e-dd8b282abc04,translation.key.ingredient.red_onion,2
c333d744-547c-439e-8ff2-4586adf0c369,8383db1f-40f3-48a2-899e-dd8b282abc04,translation.key.ingredient.black_pepper,3
62443f68-dd54-4fcb-9425-fe7ffdb6ffcb,36239e22-a84b-4b49-91c1-f74311f0383e,translation.key.ingredient.ham,1
e4b6107c-d088-4e2b-b340-c63caef85093,36239e22-a84b-4b49-91c1-f74311f0383e,translation.key.ingredient.mushrooms,2
18acea16-ea8e-4c43-a815-9c871cf2347a,e6fd1eea-e2cb-432f-a79d-30e64bc78fe5,translation.key.ingredient.salami,1
708c8c25-1e84-466b-aed2-e6d08cbe4d7d,e6fd1eea-e2cb-432f-a79d-30e64bc78fe5,translation.key.ingredient.feferoni,2
130f18f1-1a88-4640-9692-df83e39b8e6e,70a38bd8-7035-4e44-90cf-03b3af25253b,translation.key.ingredient.bacon,1
265321cd-d9f1-48b6-865a-dbf3f0ad34d2,70a38bd8-7035-4e44-90cf-03b3af25253b,translation.key.ingredient.red_onion,2
85512815-f620-480a-9944-24fcc264ef26,70a38bd8-7035-4e44-90cf-03b3af25253b,translation.key.ingredient.egg,3
0978fba7-8c8b-4bbd-919e-f00addc1b5f0,8a67849f-50bb-47bd-adf4-a020fcc1dcbb,translation.key.ingredient.tuna,1
61ad5511-b58f-496f-b243-48568c24da39,8a67849f-50bb-47bd-adf4-a020fcc1dcbb,translation.key.ingredient.red_onion,2
878d03a5-3118-4045-afbe-00b9d883ee91,8a67849f-50bb-47bd-adf4-a020fcc1dcbb,translation.key.ingredient.kalamata_olives,3
3105f423-55da-4c9b-a035-659e94bc2ee8,06f64ecb-8895-4c81-b984-ac6912241502,translation.key.ingredient.ham,1
a77a0a55-17b9-4345-b498-d1e96496da08,06f64ecb-8895-4c81-b984-ac6912241502,translation.key.ingredient.shrimp,2
22974516-b358-486c-bc7c-e59478ce3de1,0057c6ea-69d5-417d-b30b-56dbf0c16c45,translation.key.ingredient.shrimp,1
c1dd81a9-5c6b-4a20-b6c4-ef088bd1e68c,0057c6ea-69d5-417d-b30b-56dbf0c16c45,translation.key.ingredient.mussels,2
ee972ed4-ecfb-478a-a1c1-8a9f77e4ca7a,0057c6ea-69d5-417d-b30b-56dbf0c16c45,translation.key.ingredient.tuna,3
07ed8289-ad89-4f9d-8cb7-ea3ee5c0f10d,02ff706c-de7d-483e-927b-f04cc103cce8,translation.key.ingredient.anchovies,1
3927e1ca-3721-4551-a311-4cd55b1b00a0,02ff706c-de7d-483e-927b-f04cc103cce8,translation.key.ingredient.capers,2
5eee227e-0f3a-463f-a4f6-45e2c69e382d,02ff706c-de7d-483e-927b-f04cc103cce8,translation.key.ingredient.olives,3
b9727729-13ce-431b-b301-7353b961a0b0,02ff706c-de7d-483e-927b-f04cc103cce8,translation.key.ingredient.garlic,4
bcfb65bc-7505-4f90-942f-232a8b22006f,0f0b4c64-bda1-4792-afd9-676d968cd9eb,translation.key.ingredient.bacon,1
6a6b0b43-5839-4766-b857-8fe6d38b902c,0f0b4c64-bda1-4792-afd9-676d968cd9eb,translation.key.ingredient.red_onion,2
f3372e91-a5d5-4761-aefa-d12b5f323ecd,0f0b4c64-bda1-4792-afd9-676d968cd9eb,translation.key.ingredient.shrimp,3
d1f04181-b8a7-4a4f-8234-bc8a6b1d1529,67ec20a6-8d49-497a-9e24-2f0da5756e87,translation.key.ingredient.ham,1
5cb21a88-92af-4d82-b9a4-b4fa7f436dbb,67ec20a6-8d49-497a-9e24-2f0da5756e87,translation.key.ingredient.mushrooms,2
ede6e40f-d0b9-4867-91f0-1cb6233b9384,67ec20a6-8d49-497a-9e24-2f0da5756e87,translation.key.ingredient.shrimp,3
a37ae1f9-b6c7-4b35-9a9d-908eaa78efc0,4cc89f2e-5c22-4534-b0e0-bc4904b32bb8,translation.key.ingredient.mushrooms,1
d9430328-9a20-4646-a2d5-ba10fc80872d,4cc89f2e-5c22-4534-b0e0-bc4904b32bb8,translation.key.ingredient.bacon,2
241f41c7-58be-4d30-a738-9b4f9c42bfb3,4cc89f2e-5c22-4534-b0e0-bc4904b32bb8,translation.key.ingredient.red_onion,3
74e96f02-a6e6-4b68-b95f-d0af80efd45e,4cc89f2e-5c22-4534-b0e0-bc4904b32bb8,translation.key.ingredient.black_pepper,4
4ff41987-e963-47be-ad66-d96134b84870,afde2a00-3560-412c-929a-a457a3f55eea,translation.key.ingredient.ham,1
4d8faaaf-f6d0-4ce8-8b84-7d0e66db90b4,afde2a00-3560-412c-929a-a457a3f55eea,translation.key.ingredient.mushrooms,2
2f970d46-a433-41d6-8d5d-6b1af4754731,afde2a00-3560-412c-929a-a457a3f55eea,translation.key.ingredient.red_onion,3
8c7b568d-0c1b-42d1-a861-6ea4b8686864,afde2a00-3560-412c-929a-a457a3f55eea,translation.key.ingredient.artichoke,4
beec2c58-721f-4502-9349-2cad291779ba,d2141ab0-0690-47c3-8bd4-e02c12845ff5,translation.key.ingredient.ham,1
2add769a-0243-426c-a3b7-7ed162e28f2a,d2141ab0-0690-47c3-8bd4-e02c12845ff5,translation.key.ingredient.mushrooms,2
64411db9-dc9e-4164-8ec1-6ee5e0f8d0d6,d2141ab0-0690-47c3-8bd4-e02c12845ff5,translation.key.ingredient.bell_pepper,3
6a006429-8016-4a2c-ac06-88e8e47f5aec,d2141ab0-0690-47c3-8bd4-e02c12845ff5,translation.key.ingredient.shrimp,4
d2f098d6-ed8d-4d5d-9128-a60d0990010e,d2141ab0-0690-47c3-8bd4-e02c12845ff5,translation.key.ingredient.black_pepper,5
dea968e8-c0e3-494b-b565-06c052beb746,8c70722a-e66b-44d5-bad4-98326e2016fd,translation.key.ingredient.mushrooms,1
e926e363-f596-4b20-b822-4793e4b1c292,8c70722a-e66b-44d5-bad4-98326e2016fd,translation.key.ingredient.red_onion,2
52c5c3d4-06da-430e-95e5-ed28c44ffe64,8c70722a-e66b-44d5-bad4-98326e2016fd,translation.key.ingredient.olives,3
998f7b91-5b61-4d62-b83f-c662b50e47db,8c70722a-e66b-44d5-bad4-98326e2016fd,translation.key.ingredient.bell_pepper,4
4135a378-25b4-4f64-bd93-32abe39c8726,8c70722a-e66b-44d5-bad4-98326e2016fd,translation.key.ingredient.tomatoes,5
4aa36708-92a4-4fb1-b5ad-82c0d933d538,8c70722a-e66b-44d5-bad4-98326e2016fd,translation.key.ingredient.artichoke,6
28a72cff-5b00-450b-b207-5911322128b8,d1aaf5f4-bdba-471d-8854-3b35019a6c5b,translation.key.ingredient.ham,1
1e2aed1b-5e25-44fc-95bc-f48faa50f45e,d1aaf5f4-bdba-471d-8854-3b35019a6c5b,translation.key.ingredient.shrimp,2
39826153-a55d-4c4a-beb5-6dc385f263d0,d1aaf5f4-bdba-471d-8854-3b35019a6c5b,translation.key.ingredient.feta_cheese,3
90c81e50-7219-4b31-be60-5d26e5154b96,d1aaf5f4-bdba-471d-8854-3b35019a6c5b,translation.key.ingredient.black_pepper,4
f493435f-36e0-4f78-b0b0-e797db5d162e,d1aaf5f4-bdba-471d-8854-3b35019a6c5b,translation.key.ingredient.red_onion,5
df63a8c8-9929-4957-980a-ffff61daf227,d1aaf5f4-bdba-471d-8854-3b35019a6c5b,translation.key.ingredient.tzatziki,6
9f46994f-b74f-4b19-a353-64f1e3ae5d7d,0b6cf9bc-2467-4558-96b6-a467c45b526a,translation.key.ingredient.chicken,1
300ea9e7-d64b-4280-9145-bb79fad9decb,0b6cf9bc-2467-4558-96b6-a467c45b526a,translation.key.ingredient.mushrooms,2
0fa2752f-0ab2-4cc5-8a80-c48a8e38872b,0b6cf9bc-2467-4558-96b6-a467c45b526a,translation.key.ingredient.bell_pepper,3
f165d580-fceb-4419-aacc-7d5dacb7a5ce,0b6cf9bc-2467-4558-96b6-a467c45b526a,translation.key.ingredient.red_onion,4
05a9d7a8-5abc-433f-8c61-eb943ad49192,0b6cf9bc-2467-4558-96b6-a467c45b526a,translation.key.ingredient.curry,5
6939a7ab-1803-4c99-8334-43ba76d8188e,d556bf4f-bf65-4fd9-a4a0-4f82d588f2c0,translation.key.ingredient.homemade_minced_beef,1
ad458cb3-a0e6-457c-b455-79390625ac6f,d556bf4f-bf65-4fd9-a4a0-4f82d588f2c0,translation.key.ingredient.red_onion,2
9b470456-4f53-4fb7-8e8a-b6d109f5a882,3881a805-a83a-499a-b947-62937d261b19,translation.key.ingredient.taco_meat,1
933c9beb-4703-4188-a6dc-4e3e2726a17c,3881a805-a83a-499a-b947-62937d261b19,translation.key.ingredient.corn,2
5e8a6ae6-c31f-41a2-8230-2e32cf38a504,3881a805-a83a-499a-b947-62937d261b19,translation.key.ingredient.jalapeno,3
2efed670-065f-469b-bda7-22bd9e7a9a8e,3881a805-a83a-499a-b947-62937d261b19,translation.key.ingredient.fresh_tomatoes,4
78d18211-c8b6-46c6-b451-ac663c553546,3881a805-a83a-499a-b947-62937d261b19,translation.key.ingredient.taco_sauce,5
975d4b97-d626-49c7-b71e-3dfea57fa2fe,999c0f26-2a9c-406b-98c7-f9998f0cff6d,translation.key.ingredient.ham,1
a2ca2719-130b-4773-8387-74b8d684acd2,999c0f26-2a9c-406b-98c7-f9998f0cff6d,translation.key.ingredient.mushrooms,2
6d2c4599-07e2-422f-aabd-56fd5cda80ff,999c0f26-2a9c-406b-98c7-f9998f0cff6d,translation.key.ingredient.shrimp,3
72d11a71-b5fb-42d2-8beb-e1f1533fc15f,999c0f26-2a9c-406b-98c7-f9998f0cff6d,translation.key.ingredient.mussels,4
65478e90-d639-44b9-b79a-59a3f97de4e4,999c0f26-2a9c-406b-98c7-f9998f0cff6d,translation.key.ingredient.artichoke,5
3a9f846f-2aec-4d3c-aea9-416263e98e7b,16e9cb47-17fb-4c4e-8aac-ea97821a5ede,translation.key.ingredient.ham,1
925c4260-40c3-4cf9-a400-727e32e5ead0,16e9cb47-17fb-4c4e-8aac-ea97821a5ede,translation.key.ingredient.mushrooms,2
9acf4ff5-bf37-4195-8223-5bfec1a1eafc,16e9cb47-17fb-4c4e-8aac-ea97821a5ede,translation.key.ingredient.shrimp,3
673202ad-e6e3-4587-92d3-c902cf21afe2,16e9cb47-17fb-4c4e-8aac-ea97821a5ede,translation.key.ingredient.bell_pepper,4
721d3fd1-5714-403e-b5c8-3632df02fc35,16e9cb47-17fb-4c4e-8aac-ea97821a5ede,translation.key.ingredient.red_onion,5
acc3cf4b-0e6e-41b1-b30d-4192d8977a2e,16e9cb47-17fb-4c4e-8aac-ea97821a5ede,translation.key.ingredient.bacon,6
eaf59d95-24e8-4e13-a74a-e7031744f2bb,d04d3a38-14d6-42e9-ae2d-5c7fa74b2c45,translation.key.ingredient.tenderloin,1
bfea90eb-7cd2-41db-8cc1-a20baba1eaa2,d04d3a38-14d6-42e9-ae2d-5c7fa74b2c45,translation.key.ingredient.mushrooms,2
85a2db0c-b24b-4b70-a3e8-df17190534d4,d04d3a38-14d6-42e9-ae2d-5c7fa74b2c45,translation.key.ingredient.fresh_tomatoes,3
2386c378-5ede-49be-9dda-da35eb547686,d04d3a38-14d6-42e9-ae2d-5c7fa74b2c45,translation.key.ingredient.bearnaise,4
3d839c9f-e56f-4df8-baa7-5ef0b5912a4a,964e51d2-42e8-4550-9115-a5da97aed59c,translation.key.ingredient.kebab_meat,1
d7817419-a704-4f7b-8924-3251469eee73,964e51d2-42e8-4550-9115-a5da97aed59c,translation.key.ingredient.fresh_tomatoes,2
9c985684-95e7-45bc-a611-f52f1f133644,964e51d2-42e8-4550-9115-a5da97aed59c,translation.key.ingredient.iceberg_lettuce,3
2b678fab-2d5e-4345-a36a-25ce5019e845,964e51d2-42e8-4550-9115-a5da97aed59c,translation.key.ingredient.red_onion,4
d02e55b7-705b-4414-92ca-56ce7ac04616,964e51d2-42e8-4550-9115-a5da97aed59c,translation.key.ingredient.tzatziki,5
6ce94e21-5c81-4605-b3a4-27b45a8d8bea,3683b6cd-ebb1-46cb-80ff-2f3a3f31b074,translation.key.ingredient.homemade_minced_beef,1
6d16b513-cd94-4647-a082-a8f532f28f3f,3683b6cd-ebb1-46cb-80ff-2f3a3f31b074,translation.key.ingredient.bell_pepper,2
80ae0277-4c44-42c4-84ba-d4fe355181a2,3683b6cd-ebb1-46cb-80ff-2f3a3f31b074,translation.key.ingredient.jalapeno,3
dfcd558d-4eff-4b72-a5f5-50b16651569a,e0afdb71-3774-462f-9583-677d43849ba4,translation.key.ingredient.pepperoni_sausage,1
bdbce0bc-5208-4e54-8359-be16ecb8f97e,e0afdb71-3774-462f-9583-677d43849ba4,translation.key.ingredient.fresh_tomatoes,2
dfd3fa5d-e6cd-4d71-89b7-77d083b712e2,e0afdb71-3774-462f-9583-677d43849ba4,translation.key.ingredient.jalapeno,3
29393c0c-e8f8-44b0-9922-01d4c8c92c98,35e7f286-62cd-4cff-ac5b-7ab0f62f7cae,translation.key.ingredient.gyros_meat,1
0bf5216b-0804-4e53-999f-f646da5a6a8c,35e7f286-62cd-4cff-ac5b-7ab0f62f7cae,translation.key.ingredient.feferoni,2
4c47d93d-bbeb-44b5-bcd6-e397797cec16,35e7f286-62cd-4cff-ac5b-7ab0f62f7cae,translation.key.ingredient.black_pepper,3
8ed38e92-43e1-49a3-ae7d-83f6e81abd88,35e7f286-62cd-4cff-ac5b-7ab0f62f7cae,translation.key.ingredient.garlic,4
94d1c473-8c97-4101-bf83-8528d78a765d,35e7f286-62cd-4cff-ac5b-7ab0f62f7cae,translation.key.ingredient.tzatziki,5
671852c5-8967-4a2a-aeaf-023c50eb727e,a47c43f2-b9d4-4105-8d0f-920c44815047,translation.key.ingredient.gyros_meat,1
294273ee-9194-43c4-95a2-e114edca0bf7,a47c43f2-b9d4-4105-8d0f-920c44815047,translation.key.ingredient.ham,2
be549907-a7f4-4a87-b3db-f8ad4a2bf185,a47c43f2-b9d4-4105-8d0f-920c44815047,translation.key.ingredient.egg,3
cf287197-130c-44db-a112-5a7f29fc060a,a47c43f2-b9d4-4105-8d0f-920c44815047,translation.key.ingredient.garlic,4
30a16661-2697-422c-a0ff-7d850270a4e3,a47c43f2-b9d4-4105-8d0f-920c44815047,translation.key.ingredient.black_pepper,5
7dc90672-0628-4172-8d16-a13a4f78b616,e4e074f9-b146-4579-b868-c1c4fa688c3e,translation.key.ingredient.gyros_meat,1
3e67b896-b82d-4c36-96bd-cc1e890e465b,e4e074f9-b146-4579-b868-c1c4fa688c3e,translation.key.ingredient.mushrooms,2
0c8ed97f-4bb0-468c-8cda-35c6621c7308,e4e074f9-b146-4579-b868-c1c4fa688c3e,translation.key.ingredient.bacon,3
85719beb-eeba-4cf9-879e-a05e5fe05ae5,e4e074f9-b146-4579-b868-c1c4fa688c3e,translation.key.ingredient.red_onion,4
80cef5dc-3a26-457c-ba5a-38d4a5c845ef,e4e074f9-b146-4579-b868-c1c4fa688c3e,translation.key.ingredient.olives,5
05b1b955-6025-47c7-83b2-7a7f25e8fc6a,645bd775-6b3c-4e3c-984d-b88eb205ad12,translation.key.ingredient.gyros_meat,1
d6038a3f-9fd4-4d6d-a2a6-e3da363e9d1e,645bd775-6b3c-4e3c-984d-b88eb205ad12,translation.key.ingredient.mushrooms,2
9991456b-bd6a-4f0d-9f7e-58f8415a784d,645bd775-6b3c-4e3c-984d-b88eb205ad12,translation.key.ingredient.red_onion,3
95ce9038-1248-46ec-a784-a872edb068b0,645bd775-6b3c-4e3c-984d-b88eb205ad12,translation.key.ingredient.baked_in,4
1b096627-cc58-4288-b4c8-047f61e3c1fc,07888596-086d-4f8d-826a-a5477c6c8041,translation.key.ingredient.mozzarella,1
3595eed2-9a03-4f78-9445-173294336528,07888596-086d-4f8d-826a-a5477c6c8041,translation.key.ingredient.fresh_tomatoes,2
229b979d-2e97-43e5-a0e1-2193b5021568,07888596-086d-4f8d-826a-a5477c6c8041,translation.key.ingredient.fresh_basil,3
56a7a639-e302-4d49-9ac4-adb2be80e281,639ddf7c-dc85-4ac9-b266-0f2ba8c2b356,translation.key.ingredient.tomato,1
c72797d9-8fe6-4013-9d27-5b537c476fd9,639ddf7c-dc85-4ac9-b266-0f2ba8c2b356,translation.key.ingredient.mozzarella,2
275fd5ab-0695-4a8c-a917-35e149be725f,639ddf7c-dc85-4ac9-b266-0f2ba8c2b356,translation.key.ingredient.parmesan,3
f38997d8-bf62-48ae-91e5-cc81047501d8,948fde4a-7d21-4494-a4ea-c9c5a4e8fb54,translation.key.ingredient.mozzarella,1
dd4125a6-e4aa-4b6c-abc3-00b2f5e49b87,948fde4a-7d21-4494-a4ea-c9c5a4e8fb54,translation.key.ingredient.dry_cured_ham,2
76aa9818-d11f-4f69-8398-10cd7b38c389,948fde4a-7d21-4494-a4ea-c9c5a4e8fb54,translation.key.ingredient.arugula,3
54fc1741-7617-4593-8b91-45823f691650,948fde4a-7d21-4494-a4ea-c9c5a4e8fb54,translation.key.ingredient.parmesan,4
b074a220-7088-4439-8898-5e645872b6ff,dbc6cad3-7130-44c3-abc6-cc9bc2c3260f,translation.key.ingredient.mozzarella,1
83856746-586a-49b7-956b-9101b1c793a2,dbc6cad3-7130-44c3-abc6-cc9bc2c3260f,translation.key.ingredient.salami,2
b1c686d9-8f29-4908-ab69-5aae4289c467,dbc6cad3-7130-44c3-abc6-cc9bc2c3260f,translation.key.ingredient.jalapeno,3
e70364c8-f274-4397-9b25-3f7b765bb3b6,dbc6cad3-7130-44c3-abc6-cc9bc2c3260f,translation.key.ingredient.parmesan,4
ff513ad5-7c8b-486d-b749-b76f38a1ff19,dbc6cad3-7130-44c3-abc6-cc9bc2c3260f,translation.key.ingredient.arugula,5
2ef22096-ec39-4fa4-91a9-97b10f5b358a,f5f8ee27-c3da-491e-a62f-b11b5fc81546,translation.key.ingredient.broccoli,1
a5ed74c2-7020-4bd4-af7b-90247fe39aa7,f5f8ee27-c3da-491e-a62f-b11b5fc81546,translation.key.ingredient.sun_dried_tomatoes,2
975afca4-49fe-42b7-9806-e2921ea52775,f5f8ee27-c3da-491e-a62f-b11b5fc81546,translation.key.ingredient.kalamata_olives,3
b0ed0614-d248-4096-9ed0-6c4ab9f33bef,f5f8ee27-c3da-491e-a62f-b11b5fc81546,translation.key.ingredient.artichoke,4
9846ac45-dfe3-47ce-ac11-8a79cdf563c6,f5f8ee27-c3da-491e-a62f-b11b5fc81546,translation.key.ingredient.mushrooms,5
46c4ad09-51e2-4cd1-9d62-68bda5a60c11,f5f8ee27-c3da-491e-a62f-b11b5fc81546,translation.key.ingredient.mozzarella,6
519f6e37-e4a0-43a2-bc18-5ec6022046aa,6f49ffb3-ad3a-4321-b1e2-51a36172a9bd,translation.key.ingredient.tenderloin,1
2e189bda-a29d-4351-9776-6555011de80f,6f49ffb3-ad3a-4321-b1e2-51a36172a9bd,translation.key.ingredient.mozzarella,2
d7d3773e-cc07-490f-b835-5da37a0eb05d,6f49ffb3-ad3a-4321-b1e2-51a36172a9bd,translation.key.ingredient.gorgonzola,3
c9efd098-a430-4259-ab29-53f831bc1cd9,6f49ffb3-ad3a-4321-b1e2-51a36172a9bd,translation.key.ingredient.sun_dried_tomatoes,4
3ed676fa-e583-43cb-9e09-02ba277eba18,6f49ffb3-ad3a-4321-b1e2-51a36172a9bd,translation.key.ingredient.arugula,5
676e1012-1321-42eb-bec6-e945105c22d3,6f49ffb3-ad3a-4321-b1e2-51a36172a9bd,translation.key.ingredient.olive_oil,6
232ab417-d61b-4d75-a7ca-dfca67f9a0cb,0e29ab3b-c2b8-45f9-bf00-b26aebcbf9a7,translation.key.ingredient.mozzarella,1
a4cb81cf-6ae9-4c13-81a8-11021981a704,0e29ab3b-c2b8-45f9-bf00-b26aebcbf9a7,translation.key.ingredient.chili,2
cf380062-211b-4457-b969-3a167c888d07,0e29ab3b-c2b8-45f9-bf00-b26aebcbf9a7,translation.key.ingredient.garlic,3
b810f732-4ca3-4c0c-8e98-17e220a81ee8,0e29ab3b-c2b8-45f9-bf00-b26aebcbf9a7,translation.key.ingredient.scampi,4
9f1928db-49c2-4d6d-a52e-5fb7c4a04b0d,3bfc7702-af80-4a03-8c79-965d2b83703d,translation.key.ingredient.goat_cheese,1
ba8ffee9-1f45-4204-a998-2aebb6c6cf47,3bfc7702-af80-4a03-8c79-965d2b83703d,translation.key.ingredient.honey,2
34673bf0-5102-4468-80d9-7c528a457035,3bfc7702-af80-4a03-8c79-965d2b83703d,translation.key.ingredient.jalapeno,3
d65f3e75-8b17-468f-86ef-fd2e590b7979,3bfc7702-af80-4a03-8c79-965d2b83703d,translation.key.ingredient.walnuts,4
0ffac651-ecb6-4209-8a3c-077be83ba5c3,3bfc7702-af80-4a03-8c79-965d2b83703d,translation.key.ingredient.arugula,5
f8580893-e10c-4212-b682-19775a2f3611,e4988e4f-105a-415e-9f54-006aba6e2b7b,translation.key.ingredient.mozzarella,1
1c5f90ab-dba2-421c-9a5a-cadd0b529518,e4988e4f-105a-415e-9f54-006aba6e2b7b,translation.key.ingredient.chicken,2
1a7d8636-56f6-4793-a045-e4b4b29f6f18,e4988e4f-105a-415e-9f54-006aba6e2b7b,translation.key.ingredient.pesto,3
8b44d4ac-1e5a-4f2a-b83a-e9d1bd942c0a,e4988e4f-105a-415e-9f54-006aba6e2b7b,translation.key.ingredient.fried_bacon,4
fde0d5f2-29b4-4dbf-82f8-d8cab3e7af3e,3cc6bc4a-5250-4082-be45-56fb67301e34,translation.key.ingredient.taco_meat,1
cd5fd407-cd66-41d6-b600-d0ebe4254965,3cc6bc4a-5250-4082-be45-56fb67301e34,translation.key.ingredient.corn_chicken,2
f0609045-642c-400d-831f-9cf984213bd4,f1fefdb3-14ff-48b9-a575-cbb19f2b6ae3,translation.key.ingredient.fresh_vegetables,1
b59459dc-1f20-4bcb-85dc-b985db2d0a66,225daff3-68b0-46fa-9009-a9772b24b13a,translation.key.ingredient.chicken,1
1c951ad8-6a5f-4d39-a376-78129da2c909,225daff3-68b0-46fa-9009-a9772b24b13a,translation.key.ingredient.corn,2
0894ba3e-b04f-4d18-96d2-4148f5a7185d,ae6becf2-4dcf-49f6-a703-dce0f1b57bd5,translation.key.ingredient.iceberg_lettuce,1
4b4cfa91-b5f1-4f96-abd9-fa41197815b3,ae6becf2-4dcf-49f6-a703-dce0f1b57bd5,translation.key.ingredient.tomatoes,2
c90c7e30-14ff-475a-ad1f-a5eea2669504,ae6becf2-4dcf-49f6-a703-dce0f1b57bd5,translation.key.ingredient.red_onion,3
a0dc17e9-7b25-4472-beb8-854d7d455853,ae6becf2-4dcf-49f6-a703-dce0f1b57bd5,translation.key.ingredient.cucumber,4
c0080797-2a4c-43c8-ab31-7e9e0d166754,ae6becf2-4dcf-49f6-a703-dce0f1b57bd5,translation.key.ingredient.olives,5
681f226e-3028-4fea-97f3-5e59ebaceaee,ae6becf2-4dcf-49f6-a703-dce0f1b57bd5,translation.key.ingredient.feta_cheese,6
29641682-a563-45f4-b8c9-fb8a625f2120,ae6becf2-4dcf-49f6-a703-dce0f1b57bd5,translation.key.ingredient.tzatziki,7
7407873c-bd41-49b2-b8fe-2ed02cbb4a2d,ae6becf2-4dcf-49f6-a703-dce0f1b57bd5,translation.key.ingredient.bread,8
098e1203-0dfa-4806-827e-0621ac0cf06d,a8411943-5ab3-4aa7-bd91-fd89d2203159,translation.key.ingredient.iceberg_lettuce,1
5ac62875-f69a-4613-9a49-bd82048aaab3,a8411943-5ab3-4aa7-bd91-fd89d2203159,translation.key.ingredient.tomatoes,2
67aad5c5-5059-4e19-9c56-546463742904,a8411943-5ab3-4aa7-bd91-fd89d2203159,translation.key.ingredient.red_onion,3
fa2c6c12-6312-4de8-b5a7-1362dec0e2e5,a8411943-5ab3-4aa7-bd91-fd89d2203159,translation.key.ingredient.cucumber,4
e6d15513-1de8-4cfb-a546-c39c298cc77f,a8411943-5ab3-4aa7-bd91-fd89d2203159,translation.key.ingredient.bell_pepper,5
4bd0f7fb-dfaf-470d-8988-e6466a4f6989,a8411943-5ab3-4aa7-bd91-fd89d2203159,translation.key.ingredient.lime_mayo,6
6c067cb6-9867-45c8-8310-47214785b25f,a8411943-5ab3-4aa7-bd91-fd89d2203159,translation.key.ingredient.shrimp,7
c7b3c917-51c1-4311-9628-daac39666e3a,ebf70a97-5c97-417d-9ec8-9c6647e29210,translation.key.ingredient.iceberg_lettuce,1
f2a9fc9f-7802-4050-aed7-b669fd23aa6a,ebf70a97-5c97-417d-9ec8-9c6647e29210,translation.key.ingredient.tomatoes,2
5ff5c7d0-44b9-428e-a3a5-13fd327b734c,ebf70a97-5c97-417d-9ec8-9c6647e29210,translation.key.ingredient.red_onion,3
5040a2b6-6174-4e39-9b53-85faf321cda7,ebf70a97-5c97-417d-9ec8-9c6647e29210,translation.key.ingredient.cucumber,4
768a03be-066f-4541-b760-0c56559ff83f,ebf70a97-5c97-417d-9ec8-9c6647e29210,translation.key.ingredient.bell_pepper,5
8e81d970-6deb-4c0a-b905-0b152d75168f,ebf70a97-5c97-417d-9ec8-9c6647e29210,translation.key.ingredient.corn,6
b55ea3d7-eb94-4dee-a119-49fa0d09e242,ebf70a97-5c97-417d-9ec8-9c6647e29210,translation.key.ingredient.rhode_island,7
0f2530df-77f2-46ad-b512-dd14a354072e,ebf70a97-5c97-417d-9ec8-9c6647e29210,translation.key.ingredient.tuna,8
c287ff18-b8b3-43ac-af26-806ec5c73a80,fdba9087-3273-43c7-8b09-ef618430346c,translation.key.ingredient.iceberg_lettuce,1
27396ba9-5376-4993-a89f-c90c4cd8f794,fdba9087-3273-43c7-8b09-ef618430346c,translation.key.ingredient.tomatoes,2
4cad9fe2-3de4-41bc-ab59-ab71a2dbe9ae,fdba9087-3273-43c7-8b09-ef618430346c,translation.key.ingredient.red_onion,3
e2f9b0e1-c528-4279-b7c6-175a108f0bed,fdba9087-3273-43c7-8b09-ef618430346c,translation.key.ingredient.cucumber,4
75dc0cb6-4e43-4f11-9694-8210f869091c,fdba9087-3273-43c7-8b09-ef618430346c,translation.key.ingredient.bell_pepper,5
e300cd33-263e-4f97-9e6d-da42aec40011,fdba9087-3273-43c7-8b09-ef618430346c,translation.key.ingredient.sweet_chili,6
fb2f2e75-ca82-4772-b1dc-313d2ae7a9e8,fdba9087-3273-43c7-8b09-ef618430346c,translation.key.ingredient.chicken,7
